{"stats":{"minecraft:crafted":{"minecraft:leather_helmet":2,"minecraft:leather_leggings":2,"minecraft:leather_boots":2},"minecraft:used":{"minecraft:bedrock":1,"minecraft:cyan_terracotta":1,"minecraft:orange_concrete":4,"minecraft:crafting_table":1,"minecraft:shulker_box":11,"minecraft:gray_concrete":33,"minecraft:gray_concrete_powder":1,"minecraft:blue_concrete":151},"minecraft:custom":{"minecraft:time_since_rest":61121,"minecraft:crouch_one_cm":1368,"minecraft:play_time":61121,"minecraft:sprint_one_cm":4491,"minecraft:open_shulker_box":31,"minecraft:open_enderchest":1,"minecraft:damage_taken":40,"minecraft:walk_one_cm":19582,"minecraft:sneak_time":670,"minecraft:drop":1,"minecraft:jump":55,"minecraft:leave_game":1,"minecraft:time_since_death":61121,"minecraft:total_world_time":61121,"minecraft:interact_with_crafting_table":3,"minecraft:fall_one_cm":868,"minecraft:fly_one_cm":736746},"minecraft:dropped":{"minecraft:wooden_axe":1}},"DataVersion":3465}