{"stats":{"minecraft:crafted":{"minecraft:leather_helmet":2,"minecraft:leather_leggings":2,"minecraft:leather_boots":2},"minecraft:used":{"minecraft:bedrock":1,"minecraft:cyan_terracotta":1,"minecraft:orange_concrete":4,"minecraft:crafting_table":1,"minecraft:shulker_box":11,"minecraft:gray_concrete":33,"minecraft:gray_concrete_powder":1,"minecraft:blue_concrete":151},"minecraft:custom":{"minecraft:time_since_rest":148427,"minecraft:crouch_one_cm":1816,"minecraft:open_shulker_box":31,"minecraft:play_time":148427,"minecraft:sprint_one_cm":4596,"minecraft:open_enderchest":2,"minecraft:damage_taken":40,"minecraft:walk_one_cm":20689,"minecraft:sneak_time":708,"minecraft:drop":5,"minecraft:jump":58,"minecraft:leave_game":2,"minecraft:time_since_death":148427,"minecraft:total_world_time":148427,"minecraft:interact_with_crafting_table":3,"minecraft:fall_one_cm":868,"minecraft:fly_one_cm":772092},"minecraft:dropped":{"minecraft:stone_axe":1,"minecraft:stone_pickaxe":1,"minecraft:stone_sword":1,"minecraft:wooden_axe":1,"minecraft:stone_shovel":1}},"DataVersion":3465}