{"stats":{"minecraft:used":{"minecraft:bedrock":1,"minecraft:cyan_terracotta":1,"minecraft:gray_concrete":33,"minecraft:gray_concrete_powder":1,"minecraft:orange_concrete":4},"minecraft:custom":{"minecraft:jump":10,"minecraft:time_since_rest":13121,"minecraft:crouch_one_cm":275,"minecraft:sprint_one_cm":2759,"minecraft:leave_game":1,"minecraft:play_time":13121,"minecraft:time_since_death":13121,"minecraft:walk_one_cm":5534,"minecraft:sneak_time":389,"minecraft:total_world_time":13121,"minecraft:drop":1,"minecraft:fall_one_cm":209,"minecraft:fly_one_cm":536664},"minecraft:dropped":{"minecraft:wooden_axe":1}},"DataVersion":3465}