{"stats":{"minecraft:used":{"minecraft:shulker_box":8,"minecraft:bedrock":1,"minecraft:cyan_terracotta":1,"minecraft:gray_concrete":33,"minecraft:gray_concrete_powder":1,"minecraft:blue_concrete":151,"minecraft:orange_concrete":4},"minecraft:custom":{"minecraft:jump":38,"minecraft:time_since_rest":25121,"minecraft:open_enderchest":1,"minecraft:crouch_one_cm":1039,"minecraft:sprint_one_cm":3545,"minecraft:leave_game":1,"minecraft:play_time":25121,"minecraft:damage_taken":40,"minecraft:time_since_death":25121,"minecraft:walk_one_cm":12209,"minecraft:sneak_time":631,"minecraft:total_world_time":25121,"minecraft:drop":1,"minecraft:fall_one_cm":868,"minecraft:fly_one_cm":727093},"minecraft:dropped":{"minecraft:wooden_axe":1}},"DataVersion":3465}